{
  "raw_top1_accuracy": 0.8269032989636349,
  "adjusted_top1_accuracy": 0.8260858099733657
}